{
  "lang":"en",
  "name":"pipeline",
  "version":"0.0.0",
  "spacy_version":">=3.8.7,<3.9.0",
  "description":"",
  "author":"",
  "email":"",
  "url":"",
  "license":"",
  "spacy_git_version":"4b65aa7",
  "vectors":{
    "width":0,
    "vectors":0,
    "keys":0,
    "name":null,
    "mode":"default"
  },
  "labels":{
    "textcat":[
      "ACCOMPLISHMENTS",
      "INTERESTS",
      "LANGUAGES",
      "CERTIFICATIONS",
      "SUMMARY",
      "PROJECTS",
      "EDUCATION",
      "EXPERIENCE",
      "AWARDS",
      "SKILLS"
    ]
  },
  "pipeline":[
    "textcat"
  ],
  "components":[
    "textcat"
  ],
  "disabled":[

  ],
  "performance":{
    "cats_score":0.9148667009,
    "cats_score_desc":"macro F",
    "cats_micro_p":0.9159292035,
    "cats_micro_r":0.9159292035,
    "cats_micro_f":0.9159292035,
    "cats_macro_p":0.9144531859,
    "cats_macro_r":0.9173118977,
    "cats_macro_f":0.9148667009,
    "cats_macro_auc":0.9929436324,
    "cats_f_per_type":{
      "ACCOMPLISHMENTS":{
        "p":0.8360655738,
        "r":0.8644067797,
        "f":0.85
      },
      "INTERESTS":{
        "p":0.8955223881,
        "r":0.9677419355,
        "f":0.9302325581
      },
      "LANGUAGES":{
        "p":0.9718309859,
        "r":0.9718309859,
        "f":0.9718309859
      },
      "CERTIFICATIONS":{
        "p":0.8823529412,
        "r":0.8955223881,
        "f":0.8888888889
      },
      "SUMMARY":{
        "p":0.8955223881,
        "r":0.9836065574,
        "f":0.9375
      },
      "PROJECTS":{
        "p":0.9428571429,
        "r":0.825,
        "f":0.88
      },
      "EDUCATION":{
        "p":0.9268292683,
        "r":0.9743589744,
        "f":0.95
      },
      "EXPERIENCE":{
        "p":0.9459459459,
        "r":0.9210526316,
        "f":0.9333333333
      },
      "AWARDS":{
        "p":0.9230769231,
        "r":0.8450704225,
        "f":0.8823529412
      },
      "SKILLS":{
        "p":0.9245283019,
        "r":0.9245283019,
        "f":0.9245283019
      }
    },
    "textcat_loss":0.6778627693
  }
}